File,LOC,SLOC-P,SLOC-L,MVG,BLOC,C&SLOC,CLOC,CWORD,HCLOC,HCWORD
E:\Documents\Projects\Software Projects\AlkonProjects\BitMapper\BitMapperEditor.cs,181,130,86,12,37,0,14,59,0,0
E:\Documents\Projects\Software Projects\AlkonProjects\BitMapper\BitMapperEditor.Designer.cs,48,27,15,1,7,0,14,55,0,0
E:\Documents\Projects\Software Projects\AlkonProjects\BitMapper\ImageDocument.cs,25,21,15,0,4,0,0,0,0,0
E:\Documents\Projects\Software Projects\AlkonProjects\BitMapper\Program.cs,23,18,11,0,2,0,3,12,0,0
E:\Documents\Projects\Software Projects\AlkonProjects\BitMapper\Settings.cs,13,11,7,0,2,0,0,0,0,0
E:\Documents\Projects\Software Projects\AlkonProjects\BitMapper\Properties\AssemblyInfo.cs,37,15,3,0,5,0,17,120,0,0
E:\Documents\Projects\Software Projects\AlkonProjects\BitMapper\Properties\Resources.Designer.cs,72,41,16,3,9,1,22,119,0,1
E:\Documents\Projects\Software Projects\AlkonProjects\BitMapper\Properties\Settings.Designer.cs,31,17,6,1,6,1,8,30,0,1
E:\Documents\Projects\Software Projects\AlkonProjects\BitMapper\UIElements\DrawableElement.cs,56,26,18,0,7,0,23,93,0,0
E:\Documents\Projects\Software Projects\AlkonProjects\BitMapper\UIElements\TextElement.cs,60,50,31,1,10,0,0,0,0,0
E:\Documents\Projects\Software Projects\AlkonProjects\CommandHandlerLib\CommandHandler.cs,131,88,55,5,19,1,24,118,0,0
E:\Documents\Projects\Software Projects\AlkonProjects\CommandHandlerLib\CommandHistory.cs,17,15,9,0,2,0,0,0,0,0
E:\Documents\Projects\Software Projects\AlkonProjects\CommandHandlerLib\CommandInput.cs,137,75,44,11,20,0,42,261,0,0
E:\Documents\Projects\Software Projects\AlkonProjects\CommandHandlerLib\CommandProcessor.cs,131,79,51,12,20,0,32,165,0,0
E:\Documents\Projects\Software Projects\AlkonProjects\CommandHandlerLib\Attr\CommandAttribute.cs,27,23,14,0,4,0,0,0,0,0
E:\Documents\Projects\Software Projects\AlkonProjects\CommandHandlerLib\Attr\CommandLibraryAttribute.cs,23,17,10,0,3,0,3,18,0,0
E:\Documents\Projects\Software Projects\AlkonProjects\CommandHandlerLib\Attr\IgnoreCommandAttribute.cs,25,16,10,0,2,0,7,38,0,0
E:\Documents\Projects\Software Projects\AlkonProjects\CommandHandlerLib\Commands\CommandArgs.cs,32,27,15,1,5,0,0,0,0,0
E:\Documents\Projects\Software Projects\AlkonProjects\CommandHandlerLib\Commands\CommandResult.cs,45,35,22,1,10,0,0,0,0,0
E:\Documents\Projects\Software Projects\AlkonProjects\CommandHandlerLib\Commands\CommandResultType.cs,13,12,3,0,1,0,0,0,0,0
E:\Documents\Projects\Software Projects\AlkonProjects\CommandHandlerLib\Commands\CustomCommand.cs,72,38,26,1,9,0,25,92,0,0
E:\Documents\Projects\Software Projects\AlkonProjects\CommandHandlerLib\Commands\ICommand.cs,18,15,11,0,3,0,0,0,0,0
E:\Documents\Projects\Software Projects\AlkonProjects\CommandHandlerLib\Commands\MethodCommand.cs,225,147,87,23,36,0,42,184,0,0
E:\Documents\Projects\Software Projects\AlkonProjects\CommandHandlerLib\Commands\Default\HelpCommand.cs,84,59,39,9,20,0,5,30,0,0
E:\Documents\Projects\Software Projects\AlkonProjects\CommandHandlerLib\Exceptions\CommandNotFoundException.cs,32,27,12,0,5,0,0,0,0,0
E:\Documents\Projects\Software Projects\AlkonProjects\CommandHandlerLib\Helpers\Extensions.cs,26,23,17,2,3,0,0,0,0,0
E:\Documents\Projects\Software Projects\AlkonProjects\CommandHandlerLib\Helpers\LogHandler.cs,48,30,18,0,4,0,14,55,0,0
E:\Documents\Projects\Software Projects\AlkonProjects\CommandHandlerLib\Helpers\MethodCommandHelper.cs,74,43,25,10,10,0,21,123,0,0
E:\Documents\Projects\Software Projects\AlkonProjects\CommandHandlerLib\Properties\AssemblyInfo.cs,37,15,3,0,5,0,17,120,0,0
E:\Documents\Projects\Software Projects\AlkonProjects\CommandHandlerLib_Testing\Program.cs,55,43,28,4,8,0,4,9,0,0
E:\Documents\Projects\Software Projects\AlkonProjects\CommandHandlerLib_Testing\Abstract Commands\SayGoodbyeCommand.cs,34,29,17,1,5,0,0,0,0,0
E:\Documents\Projects\Software Projects\AlkonProjects\CommandHandlerLib_Testing\Properties\AssemblyInfo.cs,37,15,3,0,5,0,17,120,0,0
E:\Documents\Projects\Software Projects\AlkonProjects\CommandHandlerLib_Testing\Static Commands\DefaultCommands.cs,52,44,22,4,8,0,0,0,0,0
E:\Documents\Projects\Software Projects\AlkonProjects\EntityRepository\IRepository.cs,29,23,19,0,6,0,0,0,0,0
E:\Documents\Projects\Software Projects\AlkonProjects\EntityRepository\IUnitOfWork.cs,12,10,6,0,2,0,0,0,0,0
E:\Documents\Projects\Software Projects\AlkonProjects\EntityRepository\Repository.cs,84,69,39,5,15,0,0,0,0,0
E:\Documents\Projects\Software Projects\AlkonProjects\PackerControlPanel\PackerContext.cs,76,61,34,0,13,0,2,2,0,0
E:\Documents\Projects\Software Projects\AlkonProjects\PackerControlPanel\PackerDbInitialize.cs,76,68,26,1,8,0,0,0,0,0
E:\Documents\Projects\Software Projects\AlkonProjects\PackerControlPanel\PackerUnitOfWork.cs,57,38,28,1,8,0,11,39,0,0
E:\Documents\Projects\Software Projects\AlkonProjects\PackerControlPanel\Common\HtmlReceiverExporter.cs,90,62,41,4,18,0,10,37,0,0
E:\Documents\Projects\Software Projects\AlkonProjects\PackerControlPanel\Common\IReceiverExporter.cs,15,13,9,0,2,0,0,0,0,0
E:\Documents\Projects\Software Projects\AlkonProjects\PackerControlPanel\Common\XmlReceiverExporter.cs,50,36,23,2,9,0,5,22,0,0
E:\Documents\Projects\Software Projects\AlkonProjects\PackerControlPanel\EntityConfigurations\PartConfiguration.cs,29,25,14,0,4,0,0,0,0,0
E:\Documents\Projects\Software Projects\AlkonProjects\PackerControlPanel\Helpers\ILogger.cs,17,12,8,0,2,0,3,7,0,0
E:\Documents\Projects\Software Projects\AlkonProjects\PackerControlPanel\Helpers\LogEntry.cs,31,23,18,2,5,0,3,7,0,0
E:\Documents\Projects\Software Projects\AlkonProjects\PackerControlPanel\Helpers\Logger.cs,49,39,19,1,7,0,3,7,0,0
E:\Documents\Projects\Software Projects\AlkonProjects\PackerControlPanel\Helpers\V3\V3ResourceImporter.cs,161,120,77,18,37,0,4,10,0,0
E:\Documents\Projects\Software Projects\AlkonProjects\PackerControlPanel\Migrations\Configuration.cs,25,18,10,0,4,0,3,25,0,0
E:\Documents\Projects\Software Projects\AlkonProjects\PackerControlPanel\Properties\Resources.Designer.cs,89,38,20,4,10,1,41,186,0,1
E:\Documents\Projects\Software Projects\AlkonProjects\PackerControlPanel\Repositories\JobRepository.cs,53,43,25,6,10,0,0,0,0,0
E:\Documents\Projects\Software Projects\AlkonProjects\PackerControlPanel\Repositories\PartRepository.cs,43,36,21,4,7,0,0,0,0,0
E:\Documents\Projects\Software Projects\AlkonProjects\PackerControlPanel\Repositories\ReceiverEntriesRepository.cs,78,64,34,11,14,0,0,0,0,0
E:\Documents\Projects\Software Projects\AlkonProjects\PackerControlPanel\Repositories\ReceiverRepository.cs,44,35,20,4,7,0,2,10,0,0
E:\Documents\Projects\Software Projects\AlkonProjects\PackerControlPanel\Repositories\XmlRepository.cs,36,32,20,0,4,0,0,0,0,0
E:\Documents\Projects\Software Projects\AlkonProjects\PackerControlPanel.Console\ConsoleWin.cs,22,20,14,0,2,0,0,0,0,0
E:\Documents\Projects\Software Projects\AlkonProjects\PackerControlPanel.Console\ConsoleWin.Designer.cs,39,24,12,1,4,0,11,54,0,0
E:\Documents\Projects\Software Projects\AlkonProjects\PackerControlPanel.Console\IConsole.cs,23,19,15,0,4,0,0,0,0,0
E:\Documents\Projects\Software Projects\AlkonProjects\PackerControlPanel.Console\Program.cs,18,16,9,0,2,0,0,0,0,0
E:\Documents\Projects\Software Projects\AlkonProjects\PackerControlPanel.Console\Settings.cs,115,86,43,2,27,0,2,2,0,0
E:\Documents\Projects\Software Projects\AlkonProjects\PackerControlPanel.Console\Commands\CommandUtility.cs,43,33,21,5,6,0,4,7,0,0
E:\Documents\Projects\Software Projects\AlkonProjects\PackerControlPanel.Console\Commands\DatabaseCommands.cs,22,19,11,0,3,0,0,0,0,0
E:\Documents\Projects\Software Projects\AlkonProjects\PackerControlPanel.Console\Commands\DefaultCommands.cs,26,20,12,1,6,0,0,0,0,0
E:\Documents\Projects\Software Projects\AlkonProjects\PackerControlPanel.Console\Commands\JobCommands.cs,205,156,90,34,49,0,0,0,0,0
E:\Documents\Projects\Software Projects\AlkonProjects\PackerControlPanel.Console\Commands\PartCommands.cs,201,146,90,31,49,0,6,11,0,0
E:\Documents\Projects\Software Projects\AlkonProjects\PackerControlPanel.Console\Commands\ReceiverCommands.cs,459,356,194,79,93,0,10,38,0,0
E:\Documents\Projects\Software Projects\AlkonProjects\PackerControlPanel.Console\Commands\ReceiverEntryCommands.cs,14,12,8,0,2,0,0,0,0,0
E:\Documents\Projects\Software Projects\AlkonProjects\PackerControlPanel.Console\Commands\Commands\AboutCommand.cs,26,21,15,1,5,0,0,0,0,0
E:\Documents\Projects\Software Projects\AlkonProjects\PackerControlPanel.Console\Commands\Commands\FontChange.cs,42,31,22,2,11,0,0,0,0,0
E:\Documents\Projects\Software Projects\AlkonProjects\PackerControlPanel.Console\Commands\Commands\ImportCommand.cs,37,28,21,2,9,0,0,0,0,0
E:\Documents\Projects\Software Projects\AlkonProjects\PackerControlPanel.Console\Commands\Commands\XmlExportCommand.cs,49,33,23,1,8,0,8,46,0,0
E:\Documents\Projects\Software Projects\AlkonProjects\PackerControlPanel.Console\Controls\ConsoleLine.cs,39,32,22,0,7,0,0,0,0,0
E:\Documents\Projects\Software Projects\AlkonProjects\PackerControlPanel.Console\Controls\StackPanel.cs,80,62,39,2,16,0,2,6,0,0
E:\Documents\Projects\Software Projects\AlkonProjects\PackerControlPanel.Console\Properties\AssemblyInfo.cs,37,15,3,0,5,0,17,120,0,0
E:\Documents\Projects\Software Projects\AlkonProjects\PackerControlPanel.Console\Properties\Resources.Designer.cs,64,33,17,3,9,1,22,119,0,1
E:\Documents\Projects\Software Projects\AlkonProjects\PackerControlPanel.Console\Screens\Screen.cs,138,79,54,5,24,0,35,140,0,0
E:\Documents\Projects\Software Projects\AlkonProjects\PackerControlPanel.Console\Screens\ScreenItem.cs,39,18,12,0,5,0,16,46,0,0
E:\Documents\Projects\Software Projects\AlkonProjects\PackerControlPanel.Console\Screens\ScreenItemEventArgs.cs,20,17,10,0,3,0,0,0,0,0
E:\Documents\Projects\Software Projects\AlkonProjects\PackerControlPanel.Console\Screens\ScreenManager.cs,90,45,28,2,15,0,30,135,0,0
E:\Documents\Projects\Software Projects\AlkonProjects\PackerControlPanel.Console\Screens\Screens\HomeMenuScreen.cs,34,28,18,0,6,0,0,0,0,0
E:\Documents\Projects\Software Projects\AlkonProjects\PackerControlPanel.Console\Screens\Screens\PartHomeMenuScreen.cs,35,29,19,0,6,0,0,0,0,0
E:\Documents\Projects\Software Projects\AlkonProjects\PackerControlPanel.Console\Windows\ConnectionWin.cs,22,19,13,0,3,0,0,0,0,0
E:\Documents\Projects\Software Projects\AlkonProjects\PackerControlPanel.Console\Windows\ConnectionWin.Designer.cs,39,24,12,1,4,0,11,54,0,0
E:\Documents\Projects\Software Projects\AlkonProjects\PackerControlPanel.Console\Windows\SettingsWin.cs,21,19,13,0,2,0,0,0,0,0
E:\Documents\Projects\Software Projects\AlkonProjects\PackerControlPanel.Console\Windows\SettingsWin.Designer.cs,39,24,12,1,4,0,11,54,0,0
E:\Documents\Projects\Software Projects\AlkonProjects\PackerControlPanel.Console\_Old\AppSettings.cs,86,49,27,2,9,6,28,116,0,0
E:\Documents\Projects\Software Projects\AlkonProjects\PackerControlPanel.Console\_Old\Program.cs,189,118,77,10,27,0,44,182,0,0
E:\Documents\Projects\Software Projects\AlkonProjects\PackerControlPanel.Console\_Old\Commands\_Old\JobCommand.cs,34,26,18,0,8,0,0,0,0,0
E:\Documents\Projects\Software Projects\AlkonProjects\PackerControlPanel.Console\_Old\Commands\_Old\PartCommand.cs,34,26,18,0,8,0,0,0,0,0
E:\Documents\Projects\Software Projects\AlkonProjects\PackerControlPanel.Console\_Old\Commands\_Old\ReceiverCommand.cs,42,33,23,0,9,0,0,0,0,0
E:\Documents\Projects\Software Projects\AlkonProjects\PackerControlPanel.Console\_Old\Commands\_Old\Job Commands\CreateJobCommand.cs,45,33,23,3,12,0,0,0,0,0
E:\Documents\Projects\Software Projects\AlkonProjects\PackerControlPanel.Console\_Old\Commands\_Old\Job Commands\GetAllJobCommand.cs,28,24,15,1,4,0,0,0,0,0
E:\Documents\Projects\Software Projects\AlkonProjects\PackerControlPanel.Console\_Old\Commands\_Old\Job Commands\GetJobCommand.cs,57,44,30,6,13,0,0,0,0,0
E:\Documents\Projects\Software Projects\AlkonProjects\PackerControlPanel.Console\_Old\Commands\_Old\Job Commands\GetJobsCommands.cs,52,41,26,6,11,0,0,0,0,0
E:\Documents\Projects\Software Projects\AlkonProjects\PackerControlPanel.Console\_Old\Commands\_Old\Job Commands\RemoveAllJobsCommand.cs,42,35,21,4,7,0,0,0,0,0
E:\Documents\Projects\Software Projects\AlkonProjects\PackerControlPanel.Console\_Old\Commands\_Old\Job Commands\RemoveJobAtCommand.cs,35,28,19,3,7,0,0,0,0,0
E:\Documents\Projects\Software Projects\AlkonProjects\PackerControlPanel.Console\_Old\Commands\_Old\Job Commands\RemoveJobCommand.cs,46,36,22,6,9,0,1,9,0,0
E:\Documents\Projects\Software Projects\AlkonProjects\PackerControlPanel.Console\_Old\Commands\_Old\Part Commands\AddPartCommand.cs,40,33,23,3,7,0,0,0,0,0
E:\Documents\Projects\Software Projects\AlkonProjects\PackerControlPanel.Console\_Old\Commands\_Old\Part Commands\GetAllPartCommand.cs,33,26,16,3,7,0,0,0,0,0
E:\Documents\Projects\Software Projects\AlkonProjects\PackerControlPanel.Console\_Old\Commands\_Old\Part Commands\GetPartCommand.cs,61,47,33,6,14,0,0,0,0,0
E:\Documents\Projects\Software Projects\AlkonProjects\PackerControlPanel.Console\_Old\Commands\_Old\Part Commands\RemoveAllPartCommand.cs,63,52,26,6,11,0,0,0,0,0
E:\Documents\Projects\Software Projects\AlkonProjects\PackerControlPanel.Console\_Old\Commands\_Old\Part Commands\RemovePartAtCommand.cs,35,28,19,3,7,0,0,0,0,0
E:\Documents\Projects\Software Projects\AlkonProjects\PackerControlPanel.Console\_Old\Commands\_Old\Part Commands\RemovePartCommand.cs,46,36,22,6,9,0,1,9,0,0
E:\Documents\Projects\Software Projects\AlkonProjects\PackerControlPanel.Console\_Old\Commands\_Old2\AboutCommand.cs,27,21,15,1,6,0,0,0,0,0
E:\Documents\Projects\Software Projects\AlkonProjects\PackerControlPanel.Console\_Old\Commands\_Old2\CommandHelper.cs,85,58,38,7,13,0,14,51,0,0
E:\Documents\Projects\Software Projects\AlkonProjects\PackerControlPanel.Console\_Old\Commands\_Old2\Jobs.cs,128,99,63,20,29,0,0,0,0,0
E:\Documents\Projects\Software Projects\AlkonProjects\PackerControlPanel.Console\_Old\Commands\_Old2\Parts.cs,147,114,69,21,32,0,1,9,0,0
E:\Documents\Projects\Software Projects\AlkonProjects\PackerControlPanel.Console\_Old\Commands\_Old2\Receiver.cs,193,140,78,24,44,0,9,32,0,0
E:\Documents\Projects\Software Projects\AlkonProjects\PackerControlPanel.Console\__old\Colours.cs,16,14,10,0,2,0,0,0,0,0
E:\Documents\Projects\Software Projects\AlkonProjects\PackerControlPanel.Console\__old\ConsoleTable.cs,128,71,44,9,23,0,34,123,0,0
E:\Documents\Projects\Software Projects\AlkonProjects\PackerControlPanel.Console\__old\MainWin.cs,60,39,27,0,13,0,8,20,0,0
E:\Documents\Projects\Software Projects\AlkonProjects\PackerControlPanel.Console\__old\MainWin.Designer.cs,39,24,12,1,4,0,11,54,0,0
E:\Documents\Projects\Software Projects\AlkonProjects\PackerControlPanel.Console\__old\PackerConsole.cs,216,134,86,16,30,0,52,186,0,0
E:\Documents\Projects\Software Projects\AlkonProjects\PackerControlPanel.Console\__old\PackerConsoleWin.cs,499,326,209,30,82,0,91,315,0,0
E:\Documents\Projects\Software Projects\AlkonProjects\PackerControlPanel.Console\__old\Settings.cs,87,70,30,3,12,0,5,11,0,0
E:\Documents\Projects\Software Projects\AlkonProjects\PackerControlPanel.Console\__old\Extensions\Extensions.cs,41,29,20,3,7,0,5,18,0,0
E:\Documents\Projects\Software Projects\AlkonProjects\PackerControlPanel.Console\__old\Extensions\TableExtensions.cs,120,98,49,11,21,0,1,2,0,0
E:\Documents\Projects\Software Projects\AlkonProjects\PackerControlPanel.Console\__old\Helpers\Utility.cs,129,84,44,11,18,1,27,115,0,0
E:\Documents\Projects\Software Projects\AlkonProjects\PackerControlPanel.Core\PackerControlPanel.cs,16,14,10,0,2,0,0,0,0,0
E:\Documents\Projects\Software Projects\AlkonProjects\PackerControlPanel.Core\Domain\DateEntry.cs,31,22,14,0,6,0,3,18,0,0
E:\Documents\Projects\Software Projects\AlkonProjects\PackerControlPanel.Core\Domain\IEntity.cs,14,12,8,0,2,0,0,0,0,0
E:\Documents\Projects\Software Projects\AlkonProjects\PackerControlPanel.Core\Domain\Job.cs,97,72,39,6,17,0,8,29,0,0
E:\Documents\Projects\Software Projects\AlkonProjects\PackerControlPanel.Core\Domain\JobState.cs,26,23,15,0,3,0,0,0,0,0
E:\Documents\Projects\Software Projects\AlkonProjects\PackerControlPanel.Core\Domain\JobStateType.cs,23,18,4,0,5,0,0,0,0,0
E:\Documents\Projects\Software Projects\AlkonProjects\PackerControlPanel.Core\Domain\Note.cs,44,24,15,0,7,0,13,49,0,0
E:\Documents\Projects\Software Projects\AlkonProjects\PackerControlPanel.Core\Domain\PackageInfo.cs,49,42,25,2,7,0,0,0,0,0
E:\Documents\Projects\Software Projects\AlkonProjects\PackerControlPanel.Core\Domain\PackageType.cs,60,46,14,1,14,4,0,4,0,0
E:\Documents\Projects\Software Projects\AlkonProjects\PackerControlPanel.Core\Domain\Part.cs,118,95,52,5,20,0,3,28,0,0
E:\Documents\Projects\Software Projects\AlkonProjects\PackerControlPanel.Core\Domain\Receiver.cs,47,34,20,0,7,0,6,24,0,0
E:\Documents\Projects\Software Projects\AlkonProjects\PackerControlPanel.Core\Domain\ReceiverEntry.cs,219,131,69,15,37,0,51,200,0,0
E:\Documents\Projects\Software Projects\AlkonProjects\PackerControlPanel.Core\Domain\V3\JobEntryV3.cs,22,17,12,0,2,0,3,20,0,0
E:\Documents\Projects\Software Projects\AlkonProjects\PackerControlPanel.Core\Domain\V3\JobV3.cs,26,19,14,0,4,0,3,20,0,0
E:\Documents\Projects\Software Projects\AlkonProjects\PackerControlPanel.Core\Domain\V3\NoteV3.cs,20,15,10,0,2,0,3,20,0,0
E:\Documents\Projects\Software Projects\AlkonProjects\PackerControlPanel.Core\Domain\V3\PartV3.cs,35,25,18,0,7,0,3,20,0,0
E:\Documents\Projects\Software Projects\AlkonProjects\PackerControlPanel.Core\Interfaces\IJobRepository.cs,20,18,14,0,2,0,0,0,0,0
E:\Documents\Projects\Software Projects\AlkonProjects\PackerControlPanel.Core\Interfaces\IPartRepository.cs,21,17,13,0,4,0,0,0,0,0
E:\Documents\Projects\Software Projects\AlkonProjects\PackerControlPanel.Core\Interfaces\IReceiverEntriesRepository.cs,27,21,17,0,6,0,0,0,0,0
E:\Documents\Projects\Software Projects\AlkonProjects\PackerControlPanel.Core\Interfaces\IReceiverRepository.cs,19,17,13,0,2,0,0,0,0,0
E:\Documents\Projects\Software Projects\AlkonProjects\PackerControlPanel.Core\Interfaces\IXmlRepository.cs,15,13,9,0,2,0,0,0,0,0
E:\Documents\Projects\Software Projects\AlkonProjects\PackerControlPanel.Core\Properties\AssemblyInfo.cs,37,15,3,0,5,0,17,120,0,0
E:\Documents\Projects\Software Projects\AlkonProjects\PackerControlPanel.Core\Properties\Resources.Designer.cs,64,33,17,3,9,1,22,119,0,1
E:\Documents\Projects\Software Projects\AlkonProjects\PackerControlPanel.DailyLog\ActivityLog.cs,24,19,15,0,5,0,0,0,0,0
E:\Documents\Projects\Software Projects\AlkonProjects\PackerControlPanel.DailyLog\EntryForm.cs,102,74,54,3,18,0,10,26,0,0
E:\Documents\Projects\Software Projects\AlkonProjects\PackerControlPanel.DailyLog\EntryForm.Designer.cs,224,159,147,1,6,0,59,70,0,0
E:\Documents\Projects\Software Projects\AlkonProjects\PackerControlPanel.DailyLog\Form1.cs,148,117,71,9,24,0,7,17,0,0
E:\Documents\Projects\Software Projects\AlkonProjects\PackerControlPanel.DailyLog\Form1.Designer.cs,125,86,74,1,7,0,32,61,0,0
E:\Documents\Projects\Software Projects\AlkonProjects\PackerControlPanel.DailyLog\Program.cs,23,18,11,0,2,0,3,12,0,0
E:\Documents\Projects\Software Projects\AlkonProjects\PackerControlPanel.DailyLog\Properties\AssemblyInfo.cs,37,15,3,0,5,0,17,120,0,0
E:\Documents\Projects\Software Projects\AlkonProjects\PackerControlPanel.DailyLog\Properties\Resources.Designer.cs,72,41,16,3,9,1,22,119,0,1
E:\Documents\Projects\Software Projects\AlkonProjects\PackerControlPanel.DailyLog\Properties\Settings.Designer.cs,31,17,6,1,6,1,8,30,0,1
E:\Documents\Projects\Software Projects\AlkonProjects\PackerControlPanel.InventoryConsole\Colours.cs,16,14,10,0,2,0,0,0,0,0
E:\Documents\Projects\Software Projects\AlkonProjects\PackerControlPanel.InventoryConsole\Form1.cs,261,190,131,10,47,0,24,62,0,0
E:\Documents\Projects\Software Projects\AlkonProjects\PackerControlPanel.InventoryConsole\Form1.Designer.cs,39,24,12,1,4,0,11,54,0,0
E:\Documents\Projects\Software Projects\AlkonProjects\PackerControlPanel.InventoryConsole\Program.cs,23,18,11,0,2,0,3,12,0,0
E:\Documents\Projects\Software Projects\AlkonProjects\PackerControlPanel.InventoryConsole\Settings.cs,39,33,19,1,6,0,0,0,0,0
E:\Documents\Projects\Software Projects\AlkonProjects\PackerControlPanel.InventoryConsole\Commands\CommandUtility.cs,43,33,21,5,6,0,4,7,0,0
E:\Documents\Projects\Software Projects\AlkonProjects\PackerControlPanel.InventoryConsole\Commands\JobCommands.cs,205,156,90,34,49,0,0,0,0,0
E:\Documents\Projects\Software Projects\AlkonProjects\PackerControlPanel.InventoryConsole\Commands\PartCommands.cs,201,146,90,31,49,0,6,11,0,0
E:\Documents\Projects\Software Projects\AlkonProjects\PackerControlPanel.InventoryConsole\Commands\ReceiverCommands.cs,460,357,195,79,93,0,10,38,0,0
E:\Documents\Projects\Software Projects\AlkonProjects\PackerControlPanel.InventoryConsole\Commands\ReceiverEntryCommands.cs,14,12,8,0,2,0,0,0,0,0
E:\Documents\Projects\Software Projects\AlkonProjects\PackerControlPanel.InventoryConsole\Commands\Commands\AboutCommand.cs,26,21,15,1,5,0,0,0,0,0
E:\Documents\Projects\Software Projects\AlkonProjects\PackerControlPanel.InventoryConsole\Commands\Commands\CreateHyperLink.cs,37,29,22,1,8,0,0,0,0,0
E:\Documents\Projects\Software Projects\AlkonProjects\PackerControlPanel.InventoryConsole\Commands\Commands\ImportCommand.cs,37,28,21,2,9,0,0,0,0,0
E:\Documents\Projects\Software Projects\AlkonProjects\PackerControlPanel.InventoryConsole\Commands\Commands\XmlExportCommand.cs,58,42,28,1,8,0,8,46,0,0
E:\Documents\Projects\Software Projects\AlkonProjects\PackerControlPanel.InventoryConsole\Console\ConsoleStyle.cs,59,46,25,1,13,0,0,0,0,0
E:\Documents\Projects\Software Projects\AlkonProjects\PackerControlPanel.InventoryConsole\Console\IConsole.cs,32,25,21,0,7,0,0,0,0,0
E:\Documents\Projects\Software Projects\AlkonProjects\PackerControlPanel.InventoryConsole\Console\PackerConsole.cs,355,250,155,31,58,0,47,198,0,0
E:\Documents\Projects\Software Projects\AlkonProjects\PackerControlPanel.InventoryConsole\Extensions\ConsoleExtensions.cs,38,35,22,5,3,0,0,0,0,0
E:\Documents\Projects\Software Projects\AlkonProjects\PackerControlPanel.InventoryConsole\Extensions\ConsoleFlags.cs,10,10,2,0,0,0,0,0,0,0
E:\Documents\Projects\Software Projects\AlkonProjects\PackerControlPanel.InventoryConsole\Extensions\Extensions.cs,41,29,20,3,7,0,5,18,0,0
E:\Documents\Projects\Software Projects\AlkonProjects\PackerControlPanel.InventoryConsole\Extensions\TableExtensions.cs,121,99,50,11,21,0,1,2,0,0
E:\Documents\Projects\Software Projects\AlkonProjects\PackerControlPanel.InventoryConsole\Helpers\ConsoleTable.cs,128,71,44,9,23,0,34,123,0,0
E:\Documents\Projects\Software Projects\AlkonProjects\PackerControlPanel.InventoryConsole\Properties\AssemblyInfo.cs,37,15,3,0,5,0,17,120,0,0
E:\Documents\Projects\Software Projects\AlkonProjects\PackerControlPanel.InventoryConsole\Properties\Resources.Designer.cs,64,33,17,3,9,1,22,119,0,1
E:\Documents\Projects\Software Projects\AlkonProjects\PackerControlPanel.InventoryConsole\Properties\Settings.Designer.cs,27,13,6,1,6,1,8,30,0,1
E:\Documents\Projects\Software Projects\AlkonProjects\PackerControlPanel.InventoryConsole\UserControls\ConsoleHyperLink.cs,52,43,30,0,8,0,1,3,0,0
E:\Documents\Projects\Software Projects\AlkonProjects\PackerControlPanel.InventoryConsole\UserControls\ConsoleLine.cs,79,62,39,3,14,0,3,10,0,0
E:\Documents\Projects\Software Projects\AlkonProjects\PackerControlPanel.InventoryConsole\UserControls\ConsolePanel.cs,124,95,59,8,26,0,3,9,0,0
E:\Documents\Projects\Software Projects\AlkonProjects\PackerControlPanel.InventoryWin\HomePanel.cs,46,38,26,0,7,0,1,2,0,0
E:\Documents\Projects\Software Projects\AlkonProjects\PackerControlPanel.InventoryWin\HomePanel.Designer.cs,175,125,113,1,6,0,44,65,0,0
E:\Documents\Projects\Software Projects\AlkonProjects\PackerControlPanel.InventoryWin\InventoryManager.cs,57,40,24,4,7,0,10,29,0,0
E:\Documents\Projects\Software Projects\AlkonProjects\PackerControlPanel.InventoryWin\ListViewColumnSorter.cs,86,64,38,6,10,0,12,90,0,0
E:\Documents\Projects\Software Projects\AlkonProjects\PackerControlPanel.InventoryWin\Program.cs,23,18,11,0,2,0,3,12,0,0
E:\Documents\Projects\Software Projects\AlkonProjects\PackerControlPanel.InventoryWin\Controls\ListViewWithSearch.cs,262,169,108,14,45,0,48,184,0,0
E:\Documents\Projects\Software Projects\AlkonProjects\PackerControlPanel.InventoryWin\Controls\ListViewWithSearch.Designer.cs,156,109,97,1,6,0,41,64,0,0
E:\Documents\Projects\Software Projects\AlkonProjects\PackerControlPanel.InventoryWin\Properties\AssemblyInfo.cs,37,15,3,0,5,0,17,120,0,0
E:\Documents\Projects\Software Projects\AlkonProjects\PackerControlPanel.InventoryWin\Properties\Resources.Designer.cs,64,33,17,3,9,1,22,119,0,1
E:\Documents\Projects\Software Projects\AlkonProjects\PackerControlPanel.InventoryWin\Properties\Settings.Designer.cs,27,13,6,1,6,1,8,30,0,1
E:\Documents\Projects\Software Projects\AlkonProjects\PackerControlPanel.InventoryWin\Windows\JobViewerForm.cs,50,43,27,1,7,0,0,0,0,0
E:\Documents\Projects\Software Projects\AlkonProjects\PackerControlPanel.InventoryWin\Windows\JobViewerForm.Designer.cs,188,126,107,1,6,0,56,69,0,0
E:\Documents\Projects\Software Projects\AlkonProjects\PackerControlPanel.InventoryWin\Windows\ListViewForm.cs,59,48,32,1,11,0,0,0,0,0
E:\Documents\Projects\Software Projects\AlkonProjects\PackerControlPanel.InventoryWin\Windows\ListViewForm.Designer.cs,130,92,80,1,6,0,32,61,0,0
E:\Documents\Projects\Software Projects\AlkonProjects\PackerControlPanel.InventoryWin\Windows\PartEditiorForm.cs,130,100,64,7,23,0,7,24,0,0
E:\Documents\Projects\Software Projects\AlkonProjects\PackerControlPanel.InventoryWin\Windows\PartEditiorForm.Designer.cs,457,344,332,1,6,0,107,86,0,0
E:\Documents\Projects\Software Projects\AlkonProjects\PackerControlPanel.InventoryWin\Windows\PartViewerForm.cs,68,57,36,2,10,0,1,3,0,0
E:\Documents\Projects\Software Projects\AlkonProjects\PackerControlPanel.InventoryWin\Windows\PartViewerForm.Designer.cs,197,132,113,1,6,0,59,70,0,0
E:\Documents\Projects\Software Projects\AlkonProjects\PackerControlPanel.UnitTest\UnitTest1.cs,15,13,5,0,2,0,0,0,0,0
E:\Documents\Projects\Software Projects\AlkonProjects\PackerControlPanel.UnitTest\Properties\AssemblyInfo.cs,21,15,3,0,5,0,1,2,0,0
E:\Documents\Projects\Software Projects\AlkonProjects\Receiving_PackerConsoleControlPanel\ConsoleTable.cs,111,67,41,8,20,0,24,73,0,0
E:\Documents\Projects\Software Projects\AlkonProjects\Receiving_PackerConsoleControlPanel\ContentManager.cs,155,103,63,10,21,0,31,107,0,0
E:\Documents\Projects\Software Projects\AlkonProjects\Receiving_PackerConsoleControlPanel\GuidRegistry.cs,98,62,34,12,11,0,25,82,0,0
E:\Documents\Projects\Software Projects\AlkonProjects\Receiving_PackerConsoleControlPanel\Program.cs,173,103,65,9,25,0,45,167,0,0
E:\Documents\Projects\Software Projects\AlkonProjects\Receiving_PackerConsoleControlPanel\Commands\CommandHelper.cs,52,39,20,7,6,0,7,29,0,0
E:\Documents\Projects\Software Projects\AlkonProjects\Receiving_PackerConsoleControlPanel\Commands\JobCommands.cs,37,33,19,5,4,0,0,0,0,0
E:\Documents\Projects\Software Projects\AlkonProjects\Receiving_PackerConsoleControlPanel\Commands\PartCommands.cs,326,242,132,51,54,0,30,144,0,0
E:\Documents\Projects\Software Projects\AlkonProjects\Receiving_PackerConsoleControlPanel\Commands\ReceivingCommands.cs,382,286,176,87,67,0,29,191,0,0
E:\Documents\Projects\Software Projects\AlkonProjects\Receiving_PackerConsoleControlPanel\Parts\Note.cs,21,17,10,0,4,0,0,0,0,0
E:\Documents\Projects\Software Projects\AlkonProjects\Receiving_PackerConsoleControlPanel\Parts\Part.cs,121,63,36,2,15,0,43,154,0,0
E:\Documents\Projects\Software Projects\AlkonProjects\Receiving_PackerConsoleControlPanel\Parts\PartList.cs,48,29,18,1,6,0,13,48,0,0
E:\Documents\Projects\Software Projects\AlkonProjects\Receiving_PackerConsoleControlPanel\Parts\PartOptions.cs,30,16,7,0,5,0,9,39,0,0
E:\Documents\Projects\Software Projects\AlkonProjects\Receiving_PackerConsoleControlPanel\Properties\AssemblyInfo.cs,37,15,3,0,5,0,17,120,0,0
E:\Documents\Projects\Software Projects\AlkonProjects\Receiving_PackerConsoleControlPanel\Receiving\Job.cs,117,60,37,2,13,0,44,172,0,0
E:\Documents\Projects\Software Projects\AlkonProjects\Receiving_PackerConsoleControlPanel\Receiving\JobEntry.cs,22,19,12,0,3,0,0,0,0,0
E:\Documents\Projects\Software Projects\AlkonProjects\Receiving_PackerConsoleControlPanel\Receiving\Receiver.cs,189,105,63,8,31,0,53,228,0,0
E:\Documents\Projects\Software Projects\AlkonProjects\Receiving_PackerConsoleControlPanel\Receiving\ReceiverItem.cs,176,102,54,9,19,0,55,241,0,0
E:\Documents\Projects\Software Projects\AlkonProjects\Receiving_PackerConsoleControlPanel\Receiving\ReceiverItemList.cs,28,23,13,1,4,0,1,6,0,0
E:\Documents\Projects\Software Projects\AlkonProjects\Receiving_PackerConsoleControlPanel\Settings\AppSettings.cs,16,14,10,0,2,0,0,0,0,0
